text,label,notes
"Luis Suárez on Kane: ""Haaland is a lethal striker inside the box, although the team has to play for him. I prefer Harry Kane. He connects much better with the rest of the team. He makes runs anticipating a teammate's counter-run; he understands the game differently. I love those kinds of details.""",analysis,"It provides a structured argument backed by specific tactical observations regarding player movement and teamwork."
"Why a 32 team World Cup is better than 48",analysis,"The post makes a structured argument backed by detailed structural observations about the fairness of third-place qualification schedules."
"MEX RSA 78' - Memo Ochoa substitutes into the match. It's the 6th different World Cup he has appeared in, tying the record",match_reaction,"It reacts to a specific event and milestone occurring live during a match."
"Countries eligible to host the 2038 World Cup under current rules",analysis,"It presents informational and analytical evidence based on specific verifiable hosting rules."
"Arsenal exploring moves for Newcastle's Bruno Guimaraes and Sandro Tonali",hot_take,"It serves as a straightforward news assertion regarding transfer exploration without an analytical or conversational anchor."
"A time lapse of the Netherlands fans in Kansas City.",match_reaction,"It highlights a fan event anchored directly to a specific World Cup match day."
"The Ivory Coast vs Curacao match had a 100% full stadium",match_reaction,"It reports a specific attendance statistic anchored directly to a live or just-finished match."
"Banner seen at USA vs Australia",match_reaction,"It shares a fan visual anchored to a specific match moment."
"Manchester United CEO Omar Berrada on why Ruben Amorim failed at the club: ""Rigidity. Not tactics or talent, rigidity. The coach came in mid-season with no pre-season to prepare, and under constant scrutiny, he held onto his ideas too tightly at exactly the point when adapting mattered most.""",analysis,"It presents a structured argument explaining a failure based on specific tactical and situational observations."
"World Cup Group Outcomes Matrix + Probability Model for MD3 (Groups G, H, I)",analysis,"It relies on mathematical models and specific mathematical evidence to analyze group outcomes."
"In post match interviews, Nagelsmann: ""Ecuador wanted it more than us? That's nonsense"", Deniz Undav: ""I had the feeling they wanted it more than us""",match_reaction,"It captures direct post-match interview quotes reacting to a just-finished game."
"A fan's angle of Turkiye's last-minute winner against USA",match_reaction,"It is a fan clip reacting directly to a key time-sensitive moment of a specific match."
"Room reaps the rewards of a strong World Cup performance: 'Many clubs have been in touch'",hot_take,"It states a confident assertion about transfer interest without presenting a structured argument or backing data."
"Turkiye [3] - 2 USA - Kaan Ayhan 90+8'",match_reaction,"It is a goal clip reacting directly to a key moment of a live match."
"Elliot Anderson deal with Manchester City on a 5 year contract + option to extend by 12mnths. 23yo England midfielder's deal could be worth up to £300kpw across duration of terms if bonuses achieved. Deal worth £116m",hot_take,"It functions as a standard transfer news assertion without analysis or invitation for debate."
"After beating Team USA and going out from the tournament Turkey is officially the Unofficial Football World Championship Champion!",match_reaction,"It uses a specific tournament result to update a casual title immediately after a match."
"3rd Place Path Math",analysis,"It provides a deeply structured mathematical breakdown and verification of qualification paths."
"EXCLUSIVE: Como agree deal with Real Madrid to BUY Nico Páz on permanent move, here we go! Agreement reached as Como will re-buy Nico Páz from Real Madrid. Nico wanted to stay at Como. Real Madrid will keep control on Nico and maintain BUY BACK CLAUSE.",hot_take,"It reports a transfer agreement assertion rather than an argument or discussion."
"According to sources from Brazil, Raphinha's money and family issue come from his own father, who allegedly kept 80% of the player's rights and career earnings, without the player's knowledge. Raphinha and his wife found out about the true situation when they were trying to buy a house for 10M",hot_take,"It states off-pitch news assertions confidently without engaging in tactical or historical analysis."
"Czechia 1-1 South Africa - Schick waves off the referee and walks away; Mokoena reacts in disbelief",match_reaction,"It reacts directly to player behavior during a specific live match."
"OTD 10 years ago, Lionel Messi announced his retirement from international football, following a 4x2 defeat to Chile on penalties in the Copa América final.",hot_take,"It states a historical fact confidently as a throwback notice without constructing a current argument."
"Mourinho on players refusing to play through injury: ""I needed one guy to play. I put my foot in front of his face and I told the doctor: 'Give me the injection'. And the doctor gave me the injection on my toe. Then I said: 'You can also do it.' And he told me: 'No, you are crazy, I'm not crazy.'""",hot_take,"It asserts an anecdotal quote from a manager without analyzing or inviting discussion."
"UEFA Champions League-Style FIFA World Cup Coefficients",analysis,"It builds a deeply structured argument using a specific point system and historical data comparisons."
"Arsenal hold talks with Strasbourg's Pascal De Maesschalck over academy manager role",hot_take,"It is an executive news update stated as an assertion rather than a structured argument."
"Group D Final Standings",match_reaction,"It updates the tournament standings immediately following the conclusion of a group match day."
"Alternate angles of Türkiye's game winning goal against USA",match_reaction,"It provides match clip footage reacting to a key moment of a just-finished match."
"Why the 4-4-2 diamond fails against modern inverted fullbacks: a tactical breakdown",analysis,"It presents a structured tactical argument evaluating formation weaknesses with specific structural observation."
"Comparing cross-completion percentages of Kevin De Bruyne vs. Cole Palmer under high-press situations",analysis,"It uses specific verifiable statistical comparisons to build a structured player evaluation."
"An analytical look at how high-line defensive structures have evolved in the Premier League over the last decade",analysis,"It provides a structured historical and tactical comparison of defensive systems with verifiable evidence."
"Statistical Breakdown: How modern defensive midfielders profile in possession vs. out of possession",analysis,"It offers a structured argument backed entirely by verifiable player performance metrics."
"Tactical Analysis: How Real Madrid exploited Bayern Munich's half-space vulnerabilities in the first leg",analysis,"It relies on specific tactical observation and structural analysis of a match's space exploitation."
"The financial impact of Champions League qualification on mid-tier Serie A clubs over a 5-year period",analysis,"It uses verifiable financial statistics and historical comparison to build a structured argument."
"Why xG models consistently underestimate late-game substitute goal probabilities",analysis,"It provides a structured statistical critique of performance metrics backed by verifiable data trends."
"How progressive pass distance correlates directly with team possession quality in the top 5 leagues",analysis,"It builds a structured argument entirely backed by specific statistical data and metrics."
"A detailed study on the correlation between squad rotation frequency and soft tissue injuries in December",analysis,"It presents a structured argument backed by verifiable medical and performance statistics."
"Tactical profile: Why visual scanning frequency makes this 19-year-old midfielder an elite prospect",analysis,"It uses specific observation and verifiable performance metrics to analyze a player's spatial awareness."
"How changing the offside rule to the 'Wenger rule' would statistically impact defensive line heights",analysis,"It evaluates a rule change using structural and tactical observations backed by specific modeling data."
"An empirical analysis of home advantage decay in empty stadiums vs. partial capacity crowds",analysis,"It uses verifiable statistical data to construct a structured argument regarding stadium atmospheres."
"Why standard PPDA metrics fail to accurately measure low-block defensive intensity",analysis,"It presents a structured tactical argument critiquing a specific pressing metric with verifiable evidence."
"The shift from traditional target men to inside forwards: A 20-year statistical review of Europe's elite",analysis,"It uses a structured historical and statistical comparison to map positional evolution."
"How positional play principles differ between Pep Guardiola and Mikel Arteta's build-up structures",analysis,"It offers a specific tactical observation and structural comparison between two managerial styles."
"A data-driven look at which Europe-bound teams suffer the biggest domestic drop-off after midweek fixtures",analysis,"It evaluates domestic performance trends using specific verifiable statistical tracking."
"Why pressing from the front has made modern goalkeepers pass shorter under pressure than in 2016",analysis,"It provides a structured historical comparison backed by specific tactical observations."
"The tactical evolution of the 'false nine' role from Spalletti's Roma to modern day elite systems",analysis,"It constructs a structured historical comparison tracking tactical shifts with specific observations."
"How Ligue 1's transition to an 18-team league structurally affected average defensive engagement lines",analysis,"It analyzes a league format change using structured tactical and statistical evidence."
"An independent review of VAR intervention frequency and its direct impact on effective playing time across Europe",analysis,"It features a structured argument backed by specific verifiable statistical evidence."
"Why structural width in possession creates more progressive central passing lanes against low blocks",analysis,"It presents a structured tactical argument based on verifiable spacing and passing metrics."
"Statistical Analysis: Evaluating the efficiency of short corners vs. traditional crosses into the box",analysis,"It uses verifiable statistical outcomes to form a structured argument on set-piece efficiency."
"How Bundesliga teams utilize counter-pressing triggers differently than Premier League sides",analysis,"It offers a specific tactical observation comparing structural pressing triggers across leagues."
"A study on the historical success rate of winter transfer signings vs. summer window arrivals",analysis,"It relies on verifiable historical comparison and statistical trends to form a structured argument."
"Why pressing structures decay more rapidly in the final 15 minutes of tournament knockout games",analysis,"It analyzes structural fatigue using specific tactical data and fitness metrics."
"The impact of pitch dimensions on a team's ability to successfully execute a high-pressing system",analysis,"It features a structured argument backed by specific physical data and tactical observation."
"How modern fullbacks have transitioned from overlapping runners to deep inverted playmakers",analysis,"It tracks tactical evolution through structured comparisons of player responsibilities over time."
"A statistical deep-dive into the percentage of progressive carries that result in a shot creation action",analysis,"It relies strictly on verifiable statistical metrics to evaluate possession efficiency."
"Why the 'Zonal Marking' system consistently outperforms 'Man-to-Man' on defensive set pieces",analysis,"It provides a structured argument backed by tactical observations and statistical defensive records."
"How artificial turf surfaces directly affect ball roll speed and passing accuracy metrics in professional leagues",analysis,"It uses specific verifiable data to build an analytical argument about environmental factors."
"An analysis of how mid-block structures prevent central progression compared to traditional low blocks",analysis,"It presents a structured tactical comparison of defensive structures with specific observations."
"Why crossing from deep positions yields a significantly lower xG per shot than crossing from the byline",analysis,"It relies on specific statistical models and tactical geometry to present a structured argument."
"A 10-year review of how newly promoted clubs allocate their wage budgets to maximize survival probability",analysis,"It uses verifiable financial statistics and historical trends to form an analytical argument."
"How visual blind spots are exploited by elite wingers during weak-side switching movements",analysis,"It provides specific tactical observations regarding player movement and spatial exploitation."
"Why modern center-backs are required to carry the ball higher up the pitch than a decade ago",analysis,"It features a structured historical and tactical comparison of defensive roles."
"The relationship between high squad turnover rates and early-season defensive miscommunications",analysis,"It presents a structured argument backed by statistical tracking and tactical observation."
"How defensive line heights fluctuate based on direct opponent speed metrics: a tactical study",analysis,"It utilizes specific structural data and tactical analysis to explain defensive positioning."
"Why underloading the build-up phase creates more numerical advantages in the final third",analysis,"It builds a structured tactical argument regarding phase progression and spacing."
"A data analysis of which teams are most effective at defending transitional counter-attacks",analysis,"It evaluates defensive capabilities using specific verifiable transition statistics."
"How referee strictness metrics correlate with a team's willingness to commit tactical fouls",analysis,"It features a structured argument using specific statistical correlations between officiating and tactics."
"Why inverted wingers create better shooting angles but reduce total crossing volume in elite teams",analysis,"It provides a structured tactical explanation backed by verifiable performance outcomes."
"A historical comparison of tournament group stage formats and their impact on dead-rubber matches",analysis,"It evaluates competitive formats using structured historical evidence and qualification metrics."
"How pressing intensity decay relates directly to a player's cumulative minutes played over a season",analysis,"It presents a structured argument backed by verifiable fitness and performance tracking data."
"Pep Guardiola is vastly overrated and only wins because he manages teams with unlimited budgets.",hot_take,"It states a bold confident opinion about a manager's ability without providing specific evidence."
"The Saudi Pro League will overtake the French Ligue 1 in total viewership by next year.",hot_take,"It makes a confident assertion about future league popularity without any supporting data."
"Erling Haaland won't score more than 10 goals next season if he leaves Manchester City.",hot_take,"It asserts a bold prediction about a player's goalscoring output without any analytical backing."
"The current Real Madrid squad is the most boring team to watch in modern football history.",hot_take,"It expresses a strong subjective opinion confidently without evidence or invitation to discuss."
"International football is completely unwatchable compared to standard club football nowadays.",hot_take,"It asserts a harsh subjective opinion as a matter-of-fact statement with no supporting arguments."
"Lamine Yamal is already a better overall player than Neymar ever was at his peak.",hot_take,"It makes a bold unbacked assertion comparing a young player to a retired star's peak."
"Defending in the Premier League has completely collapsed; anyone could score 20 goals there now.",hot_take,"It presents a sweepingly confident critique of league quality without any statistical proof."
"Chelsea will be relegated within the next three seasons due to their current transfer strategy.",hot_take,"It asserts a catastrophic future prediction with no specific structural or financial evidence."
"The Ballon d'Or is completely rigged and holds absolutely zero sporting value anymore.",hot_take,"It states a confident controversial claim about an award without any verifiable proof."
"Kylian Mbappé will never win a Champions League title in his entire career.",hot_take,"It makes a definitive bold prediction about a player's future achievements without backing."
"Bayer Leverkusen's undefeated season was a complete fluke that will never be replicated.",hot_take,"It labels a historic achievement as a fluke confidently without providing analytical justification."
"The Europa League is significantly more entertaining to watch than the Champions League group stage.",hot_take,"It asserts a subjective entertainment preference boldly without invitations for community debate."
"Jurgen Klopp was a better manager for Liverpool than Sir Alex Ferguson was for Manchester United.",hot_take,"It states a controversial managerial comparison as a blunt fact with no supporting evidence."
"Vinícius Júnior is the most protected player by referees in all of European football.",hot_take,"It makes a confident assertion regarding referee bias without presenting any statistical tracking."
"Tactics don't actually matter in modern football; it's 100% down to individual player quality.",hot_take,"It dismisses an entire aspect of the sport with a bold assertion and no evidence."
"The current England national team manager should be sacked immediately regardless of tournament results.",hot_take,"It demands a manager's dismissal as a confident opinion without supporting performance evidence."
"Serie A is the only league in Europe where true high-quality football is still being played.",hot_take,"It makes a sweepingly bold claim about league quality based entirely on subjective preference."
"Harry Kane is cursed and will retire without winning a single trophy in his career.",hot_take,"It attributes an unbacked mystical concept like a curse to a player's career trajectory."
"A 48-team World Cup completely ruins the entire prestige of international football.",hot_take,"It uses a rhetorical punch to assert an opinion on a tournament format change without analysis."
"FC Barcelona will go bankrupt and turn into a mid-table side within five years.",hot_take,"It states a confident financial and sporting doom prediction with no verifiable evidence."
"VAR has actively ruined the joy of celebrating a goal and needs to be abolished entirely.",hot_take,"It presents a strong personal grievance as a definitive claim without analysis or debate hooks."
"Bruno Fernandes is the most underrated midfielder in Premier League history.",hot_take,"It makes a bold historical superlative assertion without any supporting statistical breakdown."
"The MLS is already at the same competitive level as the bottom half of the Championship.",hot_take,"It confidently asserts a cross-continental league comparison without analytical evidence."
"A Jude Bellingham career decline is going to happen much faster than people realize.",hot_take,"It predicts a player's future regression boldly without any supporting physical or tactical indicators."
"Managers who don't play an attractive style of attacking football shouldn't be allowed at top clubs.",hot_take,"It asserts a highly subjective criteria for club employment as a definitive rule."
"Prime Ronaldinho was significantly better and more impactful than prime Lionel Messi.",hot_take,"It presents a controversial historical comparison as a bold statement with no supporting stats."
"The current generation of footballers is mentally weaker than players from the 1990s.",hot_take,"It makes a sweepingly confident psychological claim across generations with no verifiable evidence."
"Arsenal are a fundamentally soft team that will never win a major trophy under Mikel Arteta.",hot_take,"It uses rhetorical labels like 'soft' to assert a permanent future limitation without analysis."
"Aston Villa will finish above Manchester City in the Premier League table next season.",hot_take,"It states a highly bold league placement prediction without any supporting evidence."
"The current format of the Club World Cup is a complete disaster that players should boycott.",hot_take,"It asserts a bold opinion on a tournament structure with an immediate rhetorical conclusion."
"Zinedine Zidane was carried by his world-class teammates throughout his entire managerial career.",hot_take,"It completely dismisses a manager's tactical contribution with a bold unproven claim."
"Football will become completely unwatchable if playing time clocks are stopped during injuries.",hot_take,"It makes a definitive prediction about the sport's future entertainment value without evidence."
"The modern fullback position is just for players who aren't good enough to play in midfield.",hot_take,"It asserts a highly reductionist view of a position with no tactical or profiling evidence."
"International break friendlies are a complete waste of time and should be banned completely.",hot_take,"It states a strong negative view on a fixture type as a blunt unargued declaration."
"Reece James would be the greatest right-back in history if he wasn't made of glass.",hot_take,"It uses a rhetorical punch regarding injury history to make an unbacked historical superlative."
"The atmosphere in English stadiums is completely dead compared to any second-tier German league match.",hot_take,"It asserts a broad subjective claim about stadium fan culture with zero supporting data."
"Top European clubs should completely split from UEFA and form the Super League immediately.",hot_take,"It presents a bold solution to a complex administrative issue as a confident assertion."
"Antony will score 20 goals next season and silence every single one of his critics.",hot_take,"It makes an incredibly bold and optimistic prediction without any analytical or form justification."
"The current tactical obsession with possession has made football incredibly boring to watch.",hot_take,"It asserts a subjective stylistic complaint as a definitive fact with no evidence."
"Mo Salah is easily the most selfish forward to ever play in the Premier League.",hot_take,"It uses a highly subjective and unbacked label to describe a player's style of play."
"Luton Town would comfortably win the Scottish Premiership if they played there.",hot_take,"It makes a cross-league competitive assertion boldly without any analytical backing."
"Football shirts with sponsor logos on the back look completely terrible and ruin the sport's aesthetic.",hot_take,"It states a confident aesthetic opinion without analyzing financial impacts or inviting debate."
"Who is the greatest African footballer of all time? Eto'o, Drogba, Salah, or Weah?",debate,"It poses a classic ranking question to invite community discussion and comparisons."
"If you could combine the attributes of any two current midfielders, who would they be?",debate,"It sets up a hypothetical scenario to encourage discussion without taking a definitive side."
"Rank the top 5 managers in world football right now. Do you agree with my list?",debate,"It lists an opinion but explicitly hooks the community with a 'do you agree?' invitation."
"Which team had the more impressive achievement: Arsenal's Invincibles or Leicester's 2016 title?",debate,"It invites comparison between two historic achievements to spark community discussion."
"Who wins a hypothetical matchup between 2009 Barcelona and 2011 Real Madrid?",debate,"It creates a hypothetical matchup query designed to generate community comparison."
"Is it better for a young player to be a regular starter in the Championship or a bench option in the PL?",debate,"It poses a developmental question comparing two paths to invite diverse community arguments."
"Who is the best goalkeeper in the world right now? Change my mind.",debate,"It states a prompt and explicitly uses 'change my mind' to invite community debate."
"Which current player is most likely to break Cristiano Ronaldo's international goalscoring record?",debate,"It poses a speculative question about breaking a record to invite community predictions."
"If the traditional top six became a top seven, which club has the best structure to fill that spot?",debate,"It sets up a hypothetical structural question to invite community analysis and comparison."
"Who are your top 3 favorite players who never won the UEFA Champions League?",debate,"It poses a ranking question centered around historical achievements to prompt discussion."
"Should international managers be restricted to only managing countries of their own nationality?",debate,"It asks an open-ended rule policy question to invite community argumentation on both sides."
"Which active footballer has the most aesthetic playstyle? Let's discuss.",debate,"It poses an open-ended subjective question and explicitly invites community discussion."
"If you could bring one retired legend back in their prime to play for your club today, who is it?",debate,"It introduces a hypothetical scenario designed to prompt fan engagement and comparisons."
"Who is currently the most underrated player in the top 5 leagues? Give me your picks.",debate,"It asks the community for their individual selections on a subjective category."
"Is winning a treble more difficult today than it was 20 years ago?",debate,"It poses a comparative question across different footballing eras to invite debate."
"Which under-21 prospect has the highest ceiling in world football right now?",debate,"It asks for a community ranking and evaluation of young players' future potentials."
"If you had to build a team around either prime Luka Modrić or prime Kevin De Bruyne, who are you picking?",debate,"It presents a direct comparison choice between two elite players to spark community debate."
"What is the most iconic individual performance in a World Cup final?",debate,"It asks the community to compare and contrast historic tournament moments."
"Should the away goals rule be brought back to European knockout competitions?",debate,"It poses a regulatory question intended to generate community arguments for and against."
"Who is the best player to never win a Ballon d'Or? Henry, Iniesta, Suarez, or someone else?",debate,"It sets up a structured ranking comparison to invite community voting and debate."
"Which club has the best youth academy system in the world outside of Europe?",debate,"It poses a specific geographical ranking question to invite community exploration and debate."
"If you could change exactly one rule in football to make it more entertaining, what would it be?",debate,"It uses a hypothetical rule-change scenario to generate open community suggestions."
"Who was the superior defender at their absolute peak: Virgil van Dijk or Sergio Ramos?",debate,"It presents a direct positional comparison between two modern defensive icons to spark debate."
"Which current mid-table team has the best tactical setup to challenge for a European spot next year?",debate,"It invites community discussion and comparison regarding the tactical setups of several clubs."
"Is a manager's legacy defined more by total trophies won or their tactical influence on the game?",debate,"It presents a conceptual question comparing two legacy metrics to invite community debate."
"Who is the greatest American soccer player in history? Pulisic, Donovan, or Dempsey?",debate,"It poses a regional ranking question to prompt comparison and discussion among users."
"If you could eliminate one tournament from the global football calendar, which one would it be?",debate,"It asks an open-ended question regarding calendar congestion to invite community viewpoints."
"Which active player has the best passing vision in the world right now? Let's hear your arguments.",debate,"It sets up a subjective ranking query and explicitly asks for community arguments."
"Who wins in a match between the current Euros winner and the current Copa América winner?",debate,"It poses a hypothetical matchup question between two reigning continental champions."
"Is the modern tactical shift towards versatility killing the traditional specialist positions?",debate,"It asks a conceptual question regarding positional evolution to prompt structural debate."
"Who is the most clinical finisher in football history when looking purely at non-penalty goals?",debate,"It sets up a historical ranking question focused on a specific performance metric to invite debate."
"Which club stadium has the absolute best atmosphere on a European night?",debate,"It asks a subjective question regarding fan culture to prompt community comparison."
"If you had to pick a manager to save your club from certain relegation, who is your go-to choice?",debate,"It creates a specific hypothetical scenario to invite community suggestions and debates."
"Who is the greatest player to have played for both Real Madrid and Barcelona?",debate,"It poses a historical player comparison query restricted to a specific crossover criteria."
"Should yellow cards be wiped out earlier in international tournaments to prevent final suspensions?",debate,"It asks a tournament regulation question intended to invite community discussion."
"Which active manager has the most adaptable tactical system when facing an in-game crisis?",debate,"It poses a subjective tactical evaluation question to invite community comparisons."
"Who is the best penalty taker of all time? Is it Ivan Toney, Cristiano Ronaldo, or someone else?",debate,"It sets up a ranking comparison centered on a specific skill to prompt discussion."
"If football adopted a ten-minute sin bin for tactical fouls, how would it affect the game?",debate,"It presents a hypothetical rule change scenario to invite community analysis and debate."
"Which league has the most competitive relegation battle this season? Let's look at the options.",debate,"It invites community comparison and discussion regarding various domestic survival battles."
"Who is the greatest manager to never win a league title during their career?",debate,"It asks a historical ranking question based on a specific achievement constraint to prompt debate."
"If you could watch a match between any two historic club teams in their prime, who are you choosing?",debate,"It sets up an open-ended hypothetical matchup question to spark community imagination."
"Should financial fair play rules be strictly tied to a percentage of a club's local revenue?",debate,"It poses a complex financial regulatory question to invite community debate and opinions."
"Who is the most impactful winter signing in Premier League history? Bruno Fernandes or Virgil van Dijk?",debate,"It sets up a direct historical comparison between two massive mid-season transfers to prompt debate."
"Which country has the brightest future generation of players heading into the 2030 World Cup?",debate,"It asks for a community evaluation and comparison of international youth talent pools."
"If a player wins the World Cup, Champions League, and Ballon d'Or in one year, does it end the GOAT debate?",debate,"It uses a hypothetical achievement scenario to re-examine a classic historical comparison debate."
"Goal! England [1] - 0 France - Jude Bellingham 14'",match_reaction,"It reports a goal clip reacting directly to a live match event."
"Red Card! Casemiro receives a straight red for a tackle in the 42nd minute against Brazil",match_reaction,"It reacts to a key time-sensitive sending off during a live match."
"Full Time: Argentina 2 - 2 Netherlands (Argentina wins 4-3 on penalties)",match_reaction,"It reports a definitive knockout match result immediately after the final whistle."
"Post-Match Thread: Italy 0 - 1 North Macedonia | FIFA World Cup Qualification",match_reaction,"It serves as a community hub anchored directly to a just-finished match."
"Unbelievable double save by Alisson to keep Liverpool in the game against Real Madrid 88'",match_reaction,"It highlights a specific time-sensitive match moment during a live game."
"Post-Match Interview: Vinícius Júnior reacts to his hat-trick against Atletico Madrid",match_reaction,"It captures a direct post-match player response anchored to a just-finished game."
"The referee has stopped play due to heavy lightning in the Germany vs Denmark match 35'",match_reaction,"It reacts to a live time-sensitive event interrupting an ongoing match."
"Goal! Japan [2] - 1 Spain - Ao Tanaka 51' (VAR confirms ball stayed in bounds)",match_reaction,"It reports a specific live goal event and its subsequent VAR review moment."
"Look at the absolute limbs in the Croatian end after that 95th-minute equalizer!",match_reaction,"It reacts to fan behavior anchored to a specific dramatic live match moment."
"Erling Haaland is forced off with an apparent hamstring injury in the Manchester Derby 22'",match_reaction,"It reports a time-sensitive player injury occurring live during a specific game."
"Post-Match Thread: USA 1 - 2 Ghana | FIFA World Cup Group Stage",match_reaction,"It provides a dedicated discussion anchor immediately following a specific match."
"Penalty missed! Harry Kane blazes it over the bar in the 84th minute vs France",match_reaction,"It reacts directly to a key time-sensitive match moment during a live game."
"Pitch invader halts play during the Champions League Final between Dortmund and Real Madrid",match_reaction,"It captures an ongoing disruption live during a major match event."
"Full Time: Morocco 1 - 0 Portugal | Morocco becomes the first African nation to reach a WC semifinal",match_reaction,"It reports a historic result immediately after the conclusion of a specific match."
"Post-Match Interview: Sampaoli explains his tactical substitutions after a crushing 3-0 defeat",match_reaction,"It documents a manager's immediate post-match reaction following a specific game."
"Goal! Lionel Messi scores an unbelievable free-kick in the 90+4' to win it for Inter Miami",match_reaction,"It reacts directly to a dramatic time-sensitive game-winning goal clip."
"The current live standings of Group E as Japan leads Spain and Costa Rica leads Germany",match_reaction,"It provides live time-sensitive tournament updates anchored to ongoing matches."
"Incredible sequence of passes leading up to Bukayo Saka's goal against Bayern Munich 67'",match_reaction,"It highlights a specific tactical piece of play live from an ongoing match."
"Post-Match Thread: Barcelona 0 - 4 Real Madrid | Copa del Rey Semifinal",match_reaction,"It acts as a post-game reaction thread anchored directly to a finished match."
"Darwin Núñez hits the post twice within 60 seconds against Chelsea 34'",match_reaction,"It reacts to a highly specific and time-sensitive double-event during a live match."
"The referee waves away a massive penalty appeal from the Mexican players against Algeria 72'",match_reaction,"It reports a controversial live decision during a specific match moment."
"Full Time: Ivory Coast 1 - 2 Nigeria | Africa Cup of Nations Group Stage",match_reaction,"It documents the final scoreline immediately after a specific continental match."
"Post-Match Interview: Son Heung-min apologizes to fans after South Korea's Asian Cup exit",match_reaction,"It features an emotional post-match quote anchored directly to a just-finished game."
"Goal! Cristiano Ronaldo scores a thumping header against Al Hilal 76'",match_reaction,"It captures a specific goal clip reacting to a live match moment."
"The match between Belgium and Sweden has been officially suspended at halftime due to security reasons",match_reaction,"It reacts to a major time-sensitive event halting an ongoing international fixture."
"Incredible atmosphere inside the stadium as the teams walk out for the Derby della Madonnina",match_reaction,"It highlights the pre-match buildup anchored directly to a live game kickoff."
"Post-Match Thread: Arsenal 3 - 1 Manchester City | Premier League",match_reaction,"It acts as the immediate reaction hub for a finished top-of-the-table match."
"VAR Review: Checking for a potential red card for a high boot by Romero 54'",match_reaction,"It reacts to a live ongoing referee review during a specific match."
"Goal! Kylian Mbappé completes his hat-trick in the World Cup Final! 118'",match_reaction,"It reports a historic goal clip during a critical live match moment."
"Full Time: Bayer Leverkusen 2 - 2 Roma (Leverkusen advances 4-2 on aggregate)",match_reaction,"It states a final knockout result immediately after the conclusion of a specific match."
"Post-Match Interview: Guardiola says he has 'no regrets' over his starting lineup against Madrid",match_reaction,"It logs immediate post-match managerial comments reacting to a finished game."
"Great tackle by Virgil van Dijk to deny a clear one-on-one chance for Mbappe 12'",match_reaction,"It highlights a critical defensive action during a live match scenario."
"The stadium completely erupts as the home team scores a 94th-minute winner!",match_reaction,"It reacts directly to a time-sensitive winning goal during a live game."
"Post-Match Thread: Celtic 2 - 1 Rangers | Scottish Premiership",match_reaction,"It anchors community discussion directly to a just-finished derby match."
"Yellow Card! Bellingham is booked for dissent after arguing an offside call 61'",match_reaction,"It reacts to a live disciplinary action during an ongoing match."
"Goal! Luis Díaz scores a diving header to put Colombia ahead against Brazil 44'",match_reaction,"It captures a specific goal clip reacting to a live match event."
"Full Time: Al Nassr 0 - 1 Al Ittihad | Saudi Pro League",match_reaction,"It reports a final scoreline immediately after a specific domestic match."
"Which is the greater individual achievement: winning the World Cup or the Champions League?",debate,"It poses a conceptual comparison between two peak trophies to invite community arguments on both sides."
"Peak Thierry Henry or peak Didier Drogba — who do you take at a World Cup?",debate,"It presents a direct player comparison framed around a specific scenario to spark community debate."
"Who is the better long-term project manager: Pochettino or Tuchel?",debate,"It poses a coaching comparison question inviting community evaluation of two managers' track records."
"If you could only keep one domestic cup competition, the FA Cup or the League Cup, which survives?",debate,"It sets up a hypothetical elimination scenario to invite community arguments about tournament value."
"Which club has punched furthest above its financial weight over the last decade?",debate,"It asks for a community ranking based on a specific performance-vs-resources metric."
"HT: Spain 0 - 0 Germany | Tense first half with neither side able to break through",match_reaction,"It reports a live halftime scoreline anchored directly to an ongoing match."
"Saka's winner just sent the whole stadium into absolute chaos — unbelievable scenes at the Emirates 89'",match_reaction,"It reacts directly to a time-sensitive winning goal during a live match."
